App,Record App,Replay App,Run Count,Mismatch
com.mkulesh.micromath.plus,Release_v2_21_0,Release_v2_22_0,2,Locator Invalidity
com.mkulesh.micromath.plus,Release_v2_20_1,Release_v2_22_1,1,Locator Invalidity
com.mkulesh.micromath.plus,Release_v2_20_1,Release_v2_23_0,2,Widget Occlusion
io.github.muntashirakon.AppManager,AppManager_v2_5_22,App_Manager_v2_6_5,1,Widget Occlusion
io.github.muntashirakon.AppManager,App_Manager_v2_6_0_Stable,App_Manager_v2_6_5_1,2,Widget Occlusion
io.github.muntashirakon.AppManager,App_Manager_v3_0_4,App_Manager_v3_1_6_Stable,3,Moved to Subpage
io.github.muntashirakon.AppManager,App_Manager_v2_6_5,App_Manager_v3_0_1_Stable,3,Locator Invalidity
io.github.muntashirakon.AppManager,App_Manager_v3_0_1_Stable,App_Manager_v3_0_4,2,Locator Invalidity
io.github.muntashirakon.AppManager,App_Manager_v3_1_7_Stable,App_Manager_v4_0_4_Stable,2,Locator Invalidity
io.github.muntashirakon.AppManager,App_Manager_v3_1_7_Stable,App_Manager_v4_0_2_Stable,2,Locator Invalidity
io.github.muntashirakon.AppManager,App_Manager_v2_6_3,App_Manager_v3_1_7_Stable,2,Locator Invalidity
io.github.muntashirakon.AppManager,App_Manager_v3_1_5_Stable,App_Manager_v4_0_4_Stable,1,Locator Invalidity
io.github.muntashirakon.AppManager,App_Manager_v2_6_5_1,App_Manager_v4_0_0_Stable,2,Locator Invalidity
io.github.muntashirakon.AppManager,App_Manager_v3_1_5_Stable,App_Manager_v4_0_3_Stable,2,Locator Invalidity
io.github.muntashirakon.AppManager,AppManager_v2_5_22,App_Manager_v2_6_0_Stable,3,Locator Invalidity
io.github.muntashirakon.AppManager,App_Manager_v3_0_4,App_Manager_v3_1_7_Stable,2,Widget Occlusion
io.github.muntashirakon.AppManager,App_Manager_v3_0_1_Stable,App_Manager_v4_0_3_Stable,2,Moved to Subpage
io.github.muntashirakon.AppManager,AppManager_v2_5_22,App_Manager_v2_6_0_Stable,2,Moved to Subpage
io.github.muntashirakon.AppManager,App_Manager_v2_5_24,App_Manager_v2_6_0_Stable,2,Locator Invalidity
com.michaldrabik.showly2,v3_48_0,v3_52_0,3,Locator Invalidity
com.michaldrabik.showly2,v3_48_0,v3_51_0,1,Locator Invalidity
com.michaldrabik.showly2,v3_46_0,v3_50_0,1,Locator Invalidity
com.michaldrabik.showly2,v3_46_0,v3_53_0,3,Locator Invalidity
com.michaldrabik.showly2,v3_48_0,v3_55_0,2,Locator Invalidity
com.michaldrabik.showly2,v3_46_0,v3_54_0,2,Locator Invalidity
com.best.deskclock,Clock_2_9_Clock_2_9-release,Clock_2_24_Clock_2_24-release,3,Locator Invalidity
com.best.deskclock,Clock_2_0_Clock_2_0-release,Clock_2_24_Clock_2_24-release,2,Moved to Another Page
com.best.deskclock,Clock_2_21_Clock_2_21-release,Clock_2_23_Clock_2_23-release,1,Locator Invalidity
com.best.deskclock,Clock_2_21_Clock_2_21-release,Clock_2_24_Clock_2_24-release,2,Locator Invalidity
com.best.deskclock,Clock_2_1_Clock_2_1-release,Clock_2_3_Clock_2_3-release,2,Widget Occlusion
com.best.deskclock,Clock_2_22_Clock_2_22-release,Clock_2_23_Clock_2_23-release,1,Locator Invalidity
com.best.deskclock,Clock_2_20_Clock_2_20-release,Clock_2_24_Clock_2_24-release,2,Locator Invalidity
com.best.deskclock,Clock_2_22_Clock_2_22-release,Clock_2_23_Clock_2_23-release,2,Locator Invalidity
com.best.deskclock,Clock_1_2,Clock_2_24_Clock_2_24-release,1,Locator Invalidity
com.best.deskclock,Clock_2_23_Clock_2_23-release,Clock_2_24_Clock_2_24-release,1,Locator Invalidity
com.mirfatif.permissionmanagerx,v1_03-beta,v1_11,3,Locator Invalidity
com.mirfatif.permissionmanagerx,v1_07,v1_25_PMX_v1_25,3,Moved to Subpage
com.mirfatif.permissionmanagerx,v1_02,v1_21_PMX_v1_21,3,Moved to Another Page
com.mirfatif.permissionmanagerx,v1_11,v1_17_PMX_v1_17,1,Moved to Subpage
com.mirfatif.permissionmanagerx,v1_11,v1_14_PMX_v1_14,3,Moved to Another Page
com.mirfatif.permissionmanagerx,v1_10,v1_25_PMX_v1_25,1,Moved to Subpage
com.mirfatif.permissionmanagerx,v1_06,v1_26_PMX_v1_26,3,Moved to Another Page
com.mirfatif.permissionmanagerx,v1_03-beta,v1_08,1,Locator Invalidity
com.mirfatif.permissionmanagerx,v1_10,v1_17_PMX_v1_17,3,Moved to Subpage
com.mirfatif.permissionmanagerx,v1_10,v1_22_PMX_v1_22,2,Moved to Subpage
com.mirfatif.permissionmanagerx,v1_07,v1_18_PMX_v1_18,1,Moved to Subpage
com.mirfatif.permissionmanagerx,v1_11,v1_14_PMX_v1_14,2,Moved to Subpage
com.mirfatif.permissionmanagerx,v1_08,v1_23_PMX_v1_23,3,Moved to Another Page
com.mirfatif.permissionmanagerx,v1_02,v1_10,2,Locator Invalidity
com.mirfatif.permissionmanagerx,v1_03-beta,v1_12_PMX_v1_12,1,Moved to Another Page
com.mirfatif.permissionmanagerx,v1_08,v1_17_PMX_v1_17,2,Moved to Another Page
com.mirfatif.permissionmanagerx,v1_02,v1_06,3,Moved to Another Page
com.mirfatif.permissionmanagerx,v1_13_PMX_v1_13,v1_29-foss,2,Moved to Subpage
com.mirfatif.permissionmanagerx,v1_05,v1_28-foss,1,Moved to Another Page
com.mirfatif.permissionmanagerx,v1_04,v1_13_PMX_v1_13,2,Moved to Subpage
com.mirfatif.permissionmanagerx,v1_07,v1_23_PMX_v1_23,2,Moved to Subpage
com.mirfatif.permissionmanagerx,v1_26_PMX_v1_26,v1_29-foss,3,Moved to Subpage
com.mirfatif.permissionmanagerx,v1_02,v1_08,3,Locator Invalidity
com.mirfatif.permissionmanagerx,v1_05,v1_12_PMX_v1_12,2,Locator Invalidity
com.mirfatif.permissionmanagerx,v1_02,v1_05,2,Moved to Another Page
com.mirfatif.permissionmanagerx,v1_06,v1_12_PMX_v1_12,2,Moved to Subpage
com.mxt.anitrend,Bump_version_from_1_8_11_to_1_8_12_app-release,Bump_version_from_1_8_13_to_1_9_4_app-release,3,Locator Invalidity
com.mxt.anitrend,Bump_version_from_1_8_10_to_1_8_11_app-release,v1_11_7_app-release,3,Locator Invalidity
com.mxt.anitrend,v1_8_1_Ehancements___Bug_fixes_app-release,Bump_version_from_1_9_9_to_1_9_10_app-release,3,Locator Invalidity
com.mxt.anitrend,v1_8_5_Bug_fixes_app-release,Bump_version_from_1_8_13_to_1_9_4_app-release,2,Locator Invalidity
com.mxt.anitrend,v1_8_5_Bug_fixes_app-release,v1_11_5_app-release,2,Locator Invalidity
com.mxt.anitrend,Bump_version_from_1_8_7_to_1_8_8_app-release,v1_11_1_app-release,2,Locator Invalidity
com.mxt.anitrend,v1_8_5_Bug_fixes_app-release,Bump_version_from_1_9_7_to_1_9_8_app-release,3,Widget Occlusion
com.mxt.anitrend,Bump_version_from_1_9_8_to_1_9_9_app-release,v1_11_2_app-release,3,Locator Invalidity
com.mxt.anitrend,Bump_version_from_1_8_7_to_1_8_8_app-release,v1_11_3_app-release,2,Locator Invalidity
com.mxt.anitrend,Bump_version_from_1_8_10_to_1_8_11_app-release,Bump_version_from_1_8_12_to_1_8_13_app-release,3,Locator Invalidity
org.billthefarmer.editor,Version_1_73,Version_1_83,1,Moved to Subpage
org.billthefarmer.editor,Version_1_58,Version_1_82,3,Moved to Subpage
org.billthefarmer.editor,Version_1_55,Version_1_72,3,Locator Invalidity
org.billthefarmer.editor,Version_1_65,Version_1_82,3,Locator Invalidity
org.billthefarmer.editor,Version_1_53,Version_1_86,3,Moved to Subpage
org.billthefarmer.editor,Version_1_65,Version_1_86,1,Locator Invalidity
org.billthefarmer.editor,Version_1_68,Version_1_82,2,Moved to Subpage
org.billthefarmer.editor,Version_1_51,Version_1_68,2,Moved to Another Page
org.billthefarmer.editor,Version_1_53,Version_1_73,1,Locator Invalidity
org.billthefarmer.editor,Version_1_51,Version_1_81,3,Locator Invalidity
org.billthefarmer.editor,Version_1_58,Version_1_74,1,Locator Invalidity
org.billthefarmer.editor,Version_1_73,Version_1_81,3,Moved to Another Page
org.billthefarmer.editor,Version_1_78,Version_1_82,2,Moved to Subpage
org.billthefarmer.editor,Version_1_52,Version_1_86,2,Moved to Subpage
org.billthefarmer.editor,Version_1_58,Version_1_86,2,Moved to Subpage
org.billthefarmer.editor,Version_1_52,Version_1_81,3,Moved to Subpage
org.billthefarmer.editor,Version_1_51,Version_1_78,2,Locator Invalidity
org.billthefarmer.editor,Version_1_72,Version_1_81,1,Moved to Subpage
org.billthefarmer.editor,Version_1_75,Version_1_78,1,Moved to Subpage
org.billthefarmer.editor,Version_1_54,Version_1_83,3,Locator Invalidity
org.billthefarmer.editor,Version_1_51,Version_1_52,3,Moved to Another Page
org.billthefarmer.editor,Version_1_64,Version_1_81,1,Moved to Subpage
org.billthefarmer.editor,Version_1_52,Version_1_75,2,Locator Invalidity
org.billthefarmer.editor,Version_1_65,Version_1_82,2,Moved to Subpage
org.billthefarmer.editor,Version_1_53,Version_1_68,2,Moved to Subpage
org.billthefarmer.editor,Version_1_74,Version_1_82,1,Moved to Subpage
org.billthefarmer.editor,Version_1_74,Version_1_83,3,Moved to Subpage
org.billthefarmer.editor,Version_1_61,Version_1_86,3,Moved to Subpage
org.billthefarmer.editor,Version_1_53,Version_1_81,2,Moved to Subpage
org.billthefarmer.editor,Version_1_61,Version_1_82,1,Moved to Subpage
org.billthefarmer.editor,Version_1_58,Version_1_81,1,Moved to Subpage
org.billthefarmer.editor,Version_1_72,Version_1_81,2,Moved to Subpage
org.billthefarmer.editor,Version_1_51,Version_1_68,1,Moved to Another Page
org.billthefarmer.editor,Version_1_73,Version_1_78,3,Moved to Subpage
me.tsukanov.counter,Version_31,Version_33,1,Moved to Subpage
me.tsukanov.counter,Version_29,Version_32,2,Locator Invalidity
me.tsukanov.counter,Version_29,Version_31,3,Locator Invalidity
org.michaelbel.moviemade,1_4_4,1_5_2,2,Moved to Subpage
org.secuso.privacyfriendlynotes,Notes__Privacy_Friendly__v1_3_0,Notes__Privacy_Friendly__v2_0_0,3,Locator Invalidity
org.secuso.privacyfriendlynotes,Notes__Privacy_Friendly__v1_1_0_BROKEN_RELEASE,Notes__Privacy_Friendly__v1_4_4,2,Moved to Subpage
org.secuso.privacyfriendlynotes,Notes__Privacy_Friendly__v1_4_2,Notes__Privacy_Friendly__v2_0_3,2,Locator Invalidity
org.secuso.privacyfriendlynotes,Notes__Privacy_Friendly__v1_2_2,Notes__Privacy_Friendly__v1_4_2,2,Locator Invalidity
org.secuso.privacyfriendlynotes,Notes__Privacy_Friendly__v1_2_1,Notes__Privacy_Friendly__v2_0_4,2,Locator Invalidity
org.secuso.privacyfriendlynotes,Notes__Privacy_Friendly__v1_2_2,Notes__Privacy_Friendly__v2_0_2,2,Locator Invalidity
org.secuso.privacyfriendlynotes,Notes__Privacy_Friendly__v1_4_5,Notes__Privacy_Friendly__v2_0_2,1,Widget Occlusion
org.secuso.privacyfriendlynotes,Notes__Privacy_Friendly__v1_2_1,Notes__Privacy_Friendly__v1_4_1,1,Locator Invalidity
org.secuso.privacyfriendlynotes,Notes__Privacy_Friendly__v1_2_2,Notes__Privacy_Friendly__v2_0_1,3,Locator Invalidity
org.secuso.privacyfriendlynotes,Notes__Privacy_Friendly__v1_2_5,Notes__Privacy_Friendly__v1_4_5,3,Locator Invalidity
org.secuso.privacyfriendlynotes,Notes__Privacy_Friendly__v1_2_0,Notes__Privacy_Friendly__v1_4_1,1,Moved to Subpage
org.secuso.privacyfriendlynotes,Notes__Privacy_Friendly__v1_2_1,Notes__Privacy_Friendly__v1_4_4,2,Moved to Subpage
org.secuso.privacyfriendlynotes,Notes__Privacy_Friendly__v1_4_0,Notes__Privacy_Friendly__v1_4_1,1,Widget Occlusion
org.secuso.privacyfriendlynotes,Notes__Privacy_Friendly__v1_2_3,Notes__Privacy_Friendly__v1_4_0,1,Locator Invalidity
org.secuso.privacyfriendlynotes,Notes__Privacy_Friendly__v1_2_4,Notes__Privacy_Friendly__v1_4_0,1,Locator Invalidity
org.secuso.privacyfriendlynotes,Notes__Privacy_Friendly__v1_4_5,Notes__Privacy_Friendly__v2_0_3,2,Locator Invalidity
org.secuso.privacyfriendlynotes,Notes__Privacy_Friendly__v1_4_1,Notes__Privacy_Friendly__v2_0_4,2,Locator Invalidity
org.secuso.privacyfriendlynotes,Notes__Privacy_Friendly__v1_2_1,Notes__Privacy_Friendly__v2_0_0,3,Locator Invalidity
org.secuso.privacyfriendlynotes,Notes__Privacy_Friendly__v1_4_2,Notes__Privacy_Friendly__v2_0_0,1,Widget Occlusion
org.secuso.privacyfriendlynotes,Notes__Privacy_Friendly__v1_2_4,Notes__Privacy_Friendly__v2_0_1,2,Widget Occlusion
org.secuso.privacyfriendlynotes,Notes__Privacy_Friendly__v1_2_3,Notes__Privacy_Friendly__v1_4_0,3,Moved to Subpage
org.secuso.privacyfriendlynotes,Notes__Privacy_Friendly__v2_0_1,Notes__Privacy_Friendly__v2_0_4,1,Locator Invalidity
org.secuso.privacyfriendlynotes,Notes__Privacy_Friendly__v1_2_5,Notes__Privacy_Friendly__v1_4_5,1,Moved to Subpage
org.secuso.privacyfriendlynotes,Notes__Privacy_Friendly__v1_4_5,Notes__Privacy_Friendly__v2_0_1,3,Widget Occlusion
org.secuso.privacyfriendlynotes,Notes__Privacy_Friendly__v1_4_0,Notes__Privacy_Friendly__v1_4_1,3,Locator Invalidity
org.secuso.privacyfriendlynotes,Notes__Privacy_Friendly__v1_4_2,Notes__Privacy_Friendly__v1_4_5,3,Locator Invalidity
org.secuso.privacyfriendlynotes,Notes__Privacy_Friendly__v1_2_2,Notes__Privacy_Friendly__v1_4_5,1,Moved to Subpage
org.secuso.privacyfriendlynotes,Notes__Privacy_Friendly__v2_0_2,Notes__Privacy_Friendly__v2_0_3,1,Locator Invalidity
org.secuso.privacyfriendlynotes,Notes__Privacy_Friendly__v1_3_0,Notes__Privacy_Friendly__v1_4_1,3,Locator Invalidity
org.secuso.privacyfriendlynotes,Notes__Privacy_Friendly__v1_2_2,Notes__Privacy_Friendly__v2_0_0,1,Widget Occlusion
org.secuso.privacyfriendlynotes,Notes__Privacy_Friendly__v1_0_2,Notes__Privacy_Friendly__v2_0_3,3,Widget Occlusion
org.secuso.privacyfriendlynotes,Notes__Privacy_Friendly__v1_3_0,Notes__Privacy_Friendly__v2_0_4,1,Widget Occlusion
org.secuso.privacyfriendlynotes,Notes__Privacy_Friendly__v1_4_0,Notes__Privacy_Friendly__v1_4_2,1,Moved to Another Page
org.secuso.privacyfriendlynotes,Notes__Privacy_Friendly__v1_4_0,Notes__Privacy_Friendly__v1_4_1,2,Widget Occlusion
org.secuso.privacyfriendlynotes,Notes__Privacy_Friendly__v1_3_0,Notes__Privacy_Friendly__v1_4_5,1,Locator Invalidity
org.secuso.privacyfriendlynotes,Notes__Privacy_Friendly__v2_0_0,Notes__Privacy_Friendly__v2_0_4,1,Locator Invalidity
org.secuso.privacyfriendlynotes,Notes__Privacy_Friendly__v1_4_4,Notes__Privacy_Friendly__v1_4_5,2,Locator Invalidity
eu.faircode.email,1_1851_Fulgurotherium,1_1964_Ledumahadi,2,Locator Invalidity
eu.faircode.email,1_1489_Jinyunpelta,1_1851_Fulgurotherium,3,Locator Invalidity
eu.faircode.email,1_1431_Elaltitan,1_1851_Fulgurotherium,2,Locator Invalidity
eu.faircode.email,1_1489_Jinyunpelta,1_1964_Ledumahadi,2,Locator Invalidity
eu.faircode.email,1_1940_Kinnareemimus,1_2051_Quetecsaurus,2,Moved to Another Page
eu.faircode.email,1_1964_Ledumahadi,1_2051_Quetecsaurus,2,Locator Invalidity
eu.faircode.email,1_1431_Elaltitan,1_1964_Ledumahadi,1,Locator Invalidity
eu.faircode.email,1_1431_Elaltitan,1_1489_Jinyunpelta,3,Locator Invalidity
eu.faircode.email,1_1964_Ledumahadi,1_2051_Quetecsaurus,3,Locator Invalidity
eu.faircode.email,1_1851_Fulgurotherium,1_2299_Ceratonykus_FairEmail-v1_2299a-large-release,2,Widget Occlusion
eu.faircode.email,1_1964_Ledumahadi,1_2051_Quetecsaurus,1,Widget Occlusion
eu.faircode.email,1_1940_Kinnareemimus,1_1964_Ledumahadi,3,Moved to Another Page
eu.faircode.email,1_1964_Ledumahadi,1_2299_Ceratonykus_FairEmail-v1_2299a-large-release,3,Moved to Another Page
com.vrem.wifianalyzer,V3_0_11-F-DROID,V3_1_4-F-DROID,2,Moved to Another Page
com.vrem.wifianalyzer,V3_0_6-F-DROID,V3_1_4-F-DROID,1,Moved to Another Page
com.vrem.wifianalyzer,V3_1_2-F-DROID,V3_1_4-F-DROID,2,Moved to Another Page
com.vrem.wifianalyzer,V3_0_4-F-DROID,V3_1_3-F-DROID,3,Moved to Another Page
app.familygem,Family_Gem_0_8,Family_Gem_1_0,1,Locator Invalidity
app.familygem,Family_Gem_0_9,Family_Gem_1_1,1,Locator Invalidity
app.familygem,Family_Gem_0_9_2,Family_Gem_1_1,2,Locator Invalidity
app.familygem,Family_Gem_0_9_1,Family_Gem_1_1,1,Moved to Another Page
app.familygem,Family_Gem_0_7_15,Family_Gem_0_9_2,2,Locator Invalidity
app.familygem,Family_Gem_1_0_1,Family_Gem_1_1,1,Locator Invalidity
app.familygem,Family_Gem_0_7_16,Family_Gem_0_8,3,Moved to Another Page
me.zhanghai.android.files,v1_5_0,v1_6_1,2,Locator Invalidity
me.zhanghai.android.files,v1_5_2,v1_7_2,2,Locator Invalidity
me.zhanghai.android.files,v1_5_2,v1_7_2,3,Locator Invalidity
me.zhanghai.android.files,v1_4_0,v1_7_3,1,Locator Invalidity
me.zhanghai.android.files,v1_3_1,v1_6_2,2,Locator Invalidity
me.zhanghai.android.files,v1_3_1,v1_7_1,3,Locator Invalidity
me.zhanghai.android.files,v1_6_1,v1_7_1,1,Locator Invalidity
me.zhanghai.android.files,v1_6_1,v1_7_0,2,Locator Invalidity
me.zhanghai.android.files,v1_5_2,v1_6_0,2,Locator Invalidity
me.zhanghai.android.files,v1_3_1,v1_5_1,3,Locator Invalidity
me.zhanghai.android.files,v1_6_0,v1_7_3,3,Widget Occlusion
me.zhanghai.android.files,v1_4_0,v1_7_2,1,Locator Invalidity
me.zhanghai.android.files,v1_4_2,v1_5_0,3,Locator Invalidity
me.zhanghai.android.files,v1_4_2,v1_7_0,1,Locator Invalidity
me.zhanghai.android.files,v1_3_1,v1_7_0,2,Locator Invalidity
me.zhanghai.android.files,v1_3_1,v1_4_2,2,Locator Invalidity
me.zhanghai.android.files,v1_4_0,v1_4_1,1,Widget Occlusion
com.arn.scrobble,0_1_2-beta,0_3_0,1,Locator Invalidity
com.arn.scrobble,0_3_1,0_4_2,1,Moved to Subpage
com.arn.scrobble,0_2_0-beta,0_3_2,2,Locator Invalidity
com.arn.scrobble,0_2_0-beta,0_5_5_InnerTune_v0_5_5_full_x86,1,Locator Invalidity
com.arn.scrobble,0_3_1,0_5_8_InnerTune_v0_5_8_full_x86,3,Locator Invalidity
com.arn.scrobble,0_2_1-beta,0_4_0,2,Moved to Another Page
com.arn.scrobble,0_1_1-beta,0_3_1,2,Widget Occlusion
com.arn.scrobble,0_1_2-beta,0_3_1,3,Locator Invalidity
com.arn.scrobble,0_3_3,0_5_2_InnerTune_v0_5_2_full_x86,2,Widget Occlusion
com.arn.scrobble,0_3_2,0_4_0,2,Widget Occlusion
com.arn.scrobble,0_3_3,0_4_4,3,Moved to Subpage
com.arn.scrobble,0_1_2-beta,0_4_1,2,Moved to Subpage
com.arn.scrobble,0_1_0-beta,0_4_2,3,Widget Occlusion
com.arn.scrobble,0_4_0,0_4_2,1,Moved to Subpage
com.arn.scrobble,0_1_2-beta,0_4_4,1,Moved to Subpage
com.arn.scrobble,0_3_0,0_5_2_InnerTune_v0_5_2_full_x86,2,Locator Invalidity
com.arn.scrobble,0_2_1-beta,0_3_0,2,Widget Occlusion
com.arn.scrobble,0_4_0,0_4_3,3,Moved to Subpage
com.arn.scrobble,0_5_5_InnerTune_v0_5_5_full_x86,0_5_9_InnerTune_v0_5_9_full_x86,1,Locator Invalidity
com.arn.scrobble,0_3_2,0_4_0,3,Locator Invalidity
com.arn.scrobble,0_5_6_InnerTune_v0_5_6_full_x86,0_5_7_InnerTune_v0_5_7_full_x86,1,Locator Invalidity
com.arn.scrobble,0_3_1,0_4_0,2,Widget Occlusion
com.arn.scrobble,0_1_1-beta,0_4_2,2,Moved to Subpage
com.arn.scrobble,0_3_2,0_4_1,1,Moved to Subpage
com.arn.scrobble,0_5_5_InnerTune_v0_5_5_full_x86,0_5_7_InnerTune_v0_5_7_full_x86,3,Moved to Another Page
com.arn.scrobble,0_5_4_InnerTune_v0_5_4_full_x86,0_5_9_InnerTune_v0_5_9_full_x86,3,Locator Invalidity
com.arn.scrobble,0_5_8_InnerTune_v0_5_8_full_x86,0_5_9_InnerTune_v0_5_9_full_x86,3,Moved to Another Page
com.arn.scrobble,0_2_1-beta,0_3_2,1,Locator Invalidity
com.arn.scrobble,0_1_3-beta,0_3_0,2,Widget Occlusion
com.arn.scrobble,0_5_4_InnerTune_v0_5_4_full_x86,0_5_7_InnerTune_v0_5_7_full_x86,2,Locator Invalidity
com.arn.scrobble,0_1_1-beta,0_4_4,3,Moved to Subpage
com.arn.scrobble,0_4_0,0_4_2,3,Locator Invalidity
com.arn.scrobble,0_3_0,0_4_3,3,Moved to Subpage
com.arn.scrobble,0_3_2,0_4_4,3,Moved to Subpage
com.arn.scrobble,0_2_1-beta,0_4_3,3,Widget Occlusion
com.arn.scrobble,0_2_0-beta,0_4_3,2,Moved to Subpage
com.arn.scrobble,0_1_2-beta,0_4_0,1,Widget Occlusion
com.arn.scrobble,0_2_1-beta,0_3_2,3,Widget Occlusion
com.arn.scrobble,0_5_5_InnerTune_v0_5_5_full_x86,0_5_6_InnerTune_v0_5_6_full_x86,3,Locator Invalidity
com.arn.scrobble,0_1_3-beta,0_4_0,1,Locator Invalidity
com.arn.scrobble,0_4_1,0_5_7_InnerTune_v0_5_7_full_x86,2,Locator Invalidity
com.arn.scrobble,0_1_1-beta,0_4_2,1,Moved to Subpage
com.arn.scrobble,0_5_5_InnerTune_v0_5_5_full_x86,0_5_7_InnerTune_v0_5_7_full_x86,1,Locator Invalidity
com.arn.scrobble,0_5_7_InnerTune_v0_5_7_full_x86,0_5_8_InnerTune_v0_5_8_full_x86,2,Locator Invalidity
com.arn.scrobble,0_1_2-beta,0_4_1,3,Moved to Subpage
com.arn.scrobble,0_5_4_InnerTune_v0_5_4_full_x86,0_5_9_InnerTune_v0_5_9_full_x86,1,Locator Invalidity
com.arn.scrobble,0_5_5_InnerTune_v0_5_5_full_x86,0_5_9_InnerTune_v0_5_9_full_x86,2,Locator Invalidity
com.arn.scrobble,0_4_0,0_4_1,2,Moved to Subpage
com.arn.scrobble,0_5_7_InnerTune_v0_5_7_full_x86,0_5_8_InnerTune_v0_5_8_full_x86,3,Locator Invalidity
com.arn.scrobble,0_5_6_InnerTune_v0_5_6_full_x86,0_5_7_InnerTune_v0_5_7_full_x86,2,Moved to Another Page
com.arn.scrobble,0_5_5_InnerTune_v0_5_5_full_x86,0_5_6_InnerTune_v0_5_6_full_x86,2,Moved to Another Page
com.arn.scrobble,0_5_5_InnerTune_v0_5_5_full_x86,0_5_6_InnerTune_v0_5_6_full_x86,1,Locator Invalidity
com.arn.scrobble,0_5_7_InnerTune_v0_5_7_full_x86,0_5_8_InnerTune_v0_5_8_full_x86,1,Widget Occlusion
com.arn.scrobble,0_5_4_InnerTune_v0_5_4_full_x86,0_5_7_InnerTune_v0_5_7_full_x86,1,Locator Invalidity
de.grobox.liberario,Transportr_2_1_1,Transportr_2_1_5,1,Locator Invalidity
de.grobox.liberario,Transportr_2_1_3,Transportr_2_2_1,1,Locator Invalidity
de.grobox.liberario,Transportr_2_1_1,Transportr_2_2_0,1,Locator Invalidity
code.name.monkey.retromusic,Release_v5_6_0_-_Open_beta,Release_v5_8_3_-_Production,2,Widget Occlusion
code.name.monkey.retromusic,Release_v5_8_3_-_Production,Release_v6_1_0_-_Production,2,Locator Invalidity
code.name.monkey.retromusic,Release_v5_8_3_-_Production,Release_v5_8_4_-_Production,3,Locator Invalidity
code.name.monkey.retromusic,Release_v5_7_1_-_Production,Release_v5_8_4_-_Production,3,Locator Invalidity
code.name.monkey.retromusic,Release_v5_7_3_-_Production,Release_v6_0_1_-_Open_Beta,1,Widget Occlusion
code.name.monkey.retromusic,Release_v5_7_3_-_Production,Release_v5_8_3_-_Production,1,Locator Invalidity
code.name.monkey.retromusic,Release_v5_7_1_-_Production,Release_v6_1_0_-_Production,2,Locator Invalidity
code.name.monkey.retromusic,Release_v5_7_2_-_Open_Beta,v6_3_0_app-fdroid-release,1,Locator Invalidity
code.name.monkey.retromusic,Release_v5_4_0_-_Open_Beta,Release_v5_4_1_-_Open_beta,3,Moved to Subpage
code.name.monkey.retromusic,Release_v5_7_2_-_Open_Beta,v6_5_0_app-fdroid-release,2,Moved to Another Page
code.name.monkey.retromusic,Release_v5_8_0_-_Production,v6_5_0_app-fdroid-release,2,Locator Invalidity
code.name.monkey.retromusic,Release_v5_8_0_-_Production,Release_v6_0_1_-_Open_Beta,1,Locator Invalidity
code.name.monkey.retromusic,Release_v5_7_3_-_Production,v6_3_0_app-fdroid-release,3,Locator Invalidity
code.name.monkey.retromusic,Release_v5_8_4_-_Production,Release_v6_0_4_-_Production,3,Moved to Another Page
code.name.monkey.retromusic,Release_v6_0_0_-_Open_Beta,Release_v6_0_2_-_Open_Beta,3,Moved to Another Page
code.name.monkey.retromusic,Release_v5_7_3_-_Production,Release_v6_0_4_-_Production,1,Locator Invalidity
code.name.monkey.retromusic,v4_4_0_-_Open_Beta,Release_v5_4_2_-_Open_beta,3,Locator Invalidity
code.name.monkey.retromusic,Release_v5_8_4_-_Production,v6_5_0_app-fdroid-release,1,Moved to Another Page
code.name.monkey.retromusic,Release_v6_0_2_-_Open_Beta,Release_v6_1_0_-_Production,3,Moved to Another Page
code.name.monkey.retromusic,v5_0_-_Production_Release,Release_v5_4_2_-_Open_beta,2,Locator Invalidity
code.name.monkey.retromusic,v5_0_-_Production_Release,Release_v5_4_1_-_Open_beta,3,Locator Invalidity
code.name.monkey.retromusic,Release_v5_7_0_-_Open_Beta,Release_v6_1_0_-_Production,3,Moved to Another Page
code.name.monkey.retromusic,Release_v6_0_2_-_Open_Beta,v6_5_0_app-fdroid-release,2,Moved to Another Page
code.name.monkey.retromusic,Release_v5_8_0_-_Production,Release_v6_0_4_-_Production,3,Widget Occlusion
code.name.monkey.retromusic,v4_2_100_-_Open_Beta,Release_v5_4_0_-_Open_Beta,1,Widget Occlusion
code.name.monkey.retromusic,Release_v5_6_0_-_Open_beta,Release_v5_7_3_-_Production,1,Locator Invalidity
code.name.monkey.retromusic,Release_v6_0_0_-_Open_Beta,v6_3_0_app-fdroid-release,1,Moved to Another Page
code.name.monkey.retromusic,Release_v5_7_0_-_Open_Beta,Release_v6_0_4_-_Production,2,Locator Invalidity
code.name.monkey.retromusic,Release_v5_7_2_-_Open_Beta,Release_v6_0_2_-_Open_Beta,3,Locator Invalidity
code.name.monkey.retromusic,v5_0_-_Production_Release,Release_v5_4_0_-_Open_Beta,1,Locator Invalidity
code.name.monkey.retromusic,Release_v5_8_4_-_Production,Release_v6_1_0_-_Production,2,Widget Occlusion
code.name.monkey.retromusic,v4_2_100_-_Open_Beta,v4_4_0_-_Open_Beta,2,Widget Occlusion
code.name.monkey.retromusic,Release_v5_8_3_-_Production,Release_v5_8_4_-_Production,2,Locator Invalidity
code.name.monkey.retromusic,Release_v5_7_1_-_Production,Release_v6_0_0_-_Open_Beta,3,Moved to Another Page
code.name.monkey.retromusic,Release_v5_7_0_-_Open_Beta,Release_v6_0_0_-_Open_Beta,1,Locator Invalidity
code.name.monkey.retromusic,Release_v6_0_1_-_Open_Beta,Release_v6_1_0_-_Production,1,Moved to Another Page
code.name.monkey.retromusic,Release_v5_7_2_-_Open_Beta,Release_v6_0_1_-_Open_Beta,1,Locator Invalidity
code.name.monkey.retromusic,v4_2_100_-_Open_Beta,Release_v5_4_2_-_Open_beta,2,Widget Occlusion
code.name.monkey.retromusic,Release_v5_8_3_-_Production,Release_v6_0_2_-_Open_Beta,1,Moved to Another Page
code.name.monkey.retromusic,v4_4_0_-_Open_Beta,Release_v5_4_0_-_Open_Beta,2,Locator Invalidity
code.name.monkey.retromusic,Release_v5_7_1_-_Production,Release_v6_1_0_-_Production,3,Locator Invalidity
code.name.monkey.retromusic,Release_v6_0_1_-_Open_Beta,Release_v6_1_0_-_Production,3,Locator Invalidity
code.name.monkey.retromusic,Release_v5_8_0_-_Production,Release_v6_0_0_-_Open_Beta,1,Widget Occlusion
code.name.monkey.retromusic,Release_v5_6_0_-_Open_beta,Release_v5_8_0_-_Production,1,Widget Occlusion
code.name.monkey.retromusic,Release_v5_6_0_-_Open_beta,Release_v5_7_1_-_Production,1,Locator Invalidity
code.name.monkey.retromusic,Release_v5_6_0_-_Open_beta,Release_v5_6_1_-_Production,1,Moved to Another Page
com.github.anrimian.musicplayer,v0_9_7_1,v0_9_8_2,1,Locator Invalidity
com.github.anrimian.musicplayer,v0_9_7_1,v0_9_8_1,2,Locator Invalidity
com.github.anrimian.musicplayer,v0_9_7,v0_9_8_1,2,Locator Invalidity
com.github.anrimian.musicplayer,v0_9_7_1,v0_9_8_2,2,Locator Invalidity
com.github.anrimian.musicplayer,v0_9_7,v0_9_8_2,1,Locator Invalidity
hu.vmiklos.plees_tracker,v7_4_4,v25_2_1,1,Locator Invalidity
hu.vmiklos.plees_tracker,plees-tracker_24_8_2,plees-tracker_25_8_1,2,Locator Invalidity
hu.vmiklos.plees_tracker,plees-tracker_7_4_2,plees-tracker_7_5_0,2,Widget Occlusion
hu.vmiklos.plees_tracker,plees-tracker_7_5_5,plees-tracker_25_8,1,Widget Occlusion
hu.vmiklos.plees_tracker,plees-tracker_24_8,plees-tracker_24_8_1,2,Moved to Subpage
hu.vmiklos.plees_tracker,v25_2_1,plees-tracker_25_8_1,2,Locator Invalidity
org.secuso.privacyfriendlytodolist,ToDo_List__Privacy_Friendly__v2_4_2,ToDo_List__Privacy_Friendly__v3_2_1,3,Locator Invalidity
org.secuso.privacyfriendlytodolist,ToDo_List__Privacy_Friendly__v2_4_0,ToDo_List__Privacy_Friendly__v3_3_1,2,Locator Invalidity
org.secuso.privacyfriendlytodolist,ToDo_List__Privacy_Friendly__v2_4_0,ToDo_List__Privacy_Friendly__v3_0_0,1,Locator Invalidity
org.secuso.privacyfriendlytodolist,ToDo_List__Privacy_Friendly__v3_3_0,ToDo_List__Privacy_Friendly__v3_3_1,2,Locator Invalidity
org.secuso.privacyfriendlytodolist,ToDo_List__Privacy_Friendly__v2_4_0,ToDo_List__Privacy_Friendly__v2_4_2,1,Locator Invalidity
org.secuso.privacyfriendlytodolist,ToDo_List__Privacy_Friendly__v3_1_0,ToDo_List__Privacy_Friendly__v3_3_0,2,Locator Invalidity
org.secuso.privacyfriendlytodolist,ToDo_List__Privacy_Friendly__v3_3_0,ToDo_List__Privacy_Friendly__v3_3_1,1,Widget Occlusion
org.secuso.privacyfriendlytodolist,ToDo_List__Privacy_Friendly__v3_1_0,ToDo_List__Privacy_Friendly__v3_3_0,3,Locator Invalidity
org.billthefarmer.diary,Version_1_72,Version_1_87,2,Widget Occlusion
org.billthefarmer.diary,Version_1_82,Version_1_94,2,Locator Invalidity
org.billthefarmer.diary,Version_1_86,Version_1_98,2,Locator Invalidity
org.billthefarmer.diary,Version_1_72,Version_1_95,2,Widget Occlusion
org.billthefarmer.diary,Version_1_87,Version_1_96,1,Widget Occlusion
org.billthefarmer.diary,Version_1_96,Version_1_98,3,Locator Invalidity
org.billthefarmer.diary,Version_1_74,Version_1_94,2,Widget Occlusion
org.billthefarmer.diary,Version_1_85,Version_1_98,3,Locator Invalidity
org.billthefarmer.diary,Version_1_72,Version_1_74,3,Locator Invalidity
org.billthefarmer.diary,Version_1_72,Version_1_82,1,Locator Invalidity
org.billthefarmer.diary,Version_1_82,Version_1_85,1,Widget Occlusion
org.billthefarmer.diary,Version_1_94,Version_1_97,1,Locator Invalidity
org.billthefarmer.diary,Version_1_72,Version_1_96,1,Widget Occlusion
org.billthefarmer.diary,Version_1_75,Version_1_95,1,Widget Occlusion
org.billthefarmer.diary,Version_1_79,Version_1_87,3,Widget Occlusion
org.billthefarmer.diary,Version_1_75,Version_1_88,3,Widget Occlusion
org.billthefarmer.diary,Version_1_72,Version_1_86,3,Moved to Another Page
org.billthefarmer.diary,Version_1_76,Version_1_98,3,Widget Occlusion
org.billthefarmer.diary,Version_1_85,Version_1_97,1,Locator Invalidity
org.billthefarmer.diary,Version_1_73,Version_1_82,2,Moved to Subpage
org.billthefarmer.diary,Version_1_76,Version_1_86,3,Moved to Subpage
org.billthefarmer.diary,Version_1_74,Version_1_77,1,Locator Invalidity
org.billthefarmer.diary,Version_1_80,Version_1_97,1,Locator Invalidity
org.billthefarmer.diary,Version_1_85,Version_1_87,2,Locator Invalidity
org.billthefarmer.diary,Version_1_80,Version_1_85,3,Widget Occlusion
org.billthefarmer.diary,Version_1_75,Version_1_82,2,Moved to Subpage
org.billthefarmer.diary,Version_1_77,Version_1_86,1,Moved to Another Page
org.billthefarmer.diary,Version_1_97,Version_1_98,2,Locator Invalidity
org.billthefarmer.diary,Version_1_71,Version_1_73,2,Locator Invalidity
org.billthefarmer.diary,Version_1_87,Version_1_95,2,Locator Invalidity
org.billthefarmer.diary,Version_1_75,Version_1_77,2,Locator Invalidity
org.billthefarmer.diary,Version_1_78,Version_1_98,2,Locator Invalidity
org.billthefarmer.diary,Version_1_78,Version_1_97,3,Locator Invalidity
org.billthefarmer.diary,Version_1_88,Version_1_96,1,Locator Invalidity
org.billthefarmer.diary,Version_1_82,Version_1_88,1,Locator Invalidity
org.billthefarmer.diary,Version_1_78,Version_1_86,1,Moved to Another Page
org.billthefarmer.diary,Version_1_94,Version_1_95,3,Locator Invalidity
org.billthefarmer.diary,Version_1_74,Version_1_77,3,Locator Invalidity
org.billthefarmer.diary,Version_1_82,Version_1_94,1,Widget Occlusion
org.billthefarmer.diary,Version_1_88,Version_1_94,1,Locator Invalidity
org.billthefarmer.diary,Version_1_80,Version_1_97,3,Widget Occlusion
org.billthefarmer.diary,Version_1_75,Version_1_76,1,Widget Occlusion
org.billthefarmer.diary,Version_1_85,Version_1_97,3,Widget Occlusion
org.billthefarmer.diary,Version_1_76,Version_1_78,1,Locator Invalidity
org.billthefarmer.diary,Version_1_78,Version_1_79,2,Widget Occlusion
com.activitymanager,4_1_3,5_4_7,2,Locator Invalidity
com.activitymanager,4_2_0,5_4_8,2,Locator Invalidity
com.activitymanager,4_1_0,5_4_15,1,Locator Invalidity
com.activitymanager,5_3_1,5_4_13,1,Locator Invalidity
com.activitymanager,4_2_0,5_3_1,2,Locator Invalidity
com.activitymanager,5_4_11,5_4_15,1,Locator Invalidity
com.activitymanager,5_1_0,5_3_5,2,Locator Invalidity
com.activitymanager,5_0_0,5_4_0,2,Locator Invalidity
com.activitymanager,5_4_3,5_4_10,3,Moved to Subpage
com.activitymanager,4_1_0,5_1_0,3,Widget Occlusion
com.activitymanager,4_1_4,5_4_2,1,Moved to Subpage
com.activitymanager,5_2_0,5_4_11,3,Moved to Subpage
com.activitymanager,5_4_4,5_4_10,1,Moved to Another Page
com.activitymanager,4_0_0,5_2_0,2,Widget Occlusion
com.activitymanager,4_1_0,5_4_4,3,Moved to Subpage
com.activitymanager,5_2_1,5_4_15,1,Moved to Subpage
com.activitymanager,5_4_8,5_4_12,1,Locator Invalidity
com.activitymanager,5_2_0,5_4_8,2,Moved to Subpage
com.activitymanager,5_3_0,5_4_9,2,Moved to Subpage
com.activitymanager,4_0_0,5_3_4,2,Moved to Subpage
com.activitymanager,4_0_0,5_4_12,2,Locator Invalidity
com.activitymanager,4_1_0,5_4_12,3,Locator Invalidity
com.activitymanager,5_3_5,5_4_8,1,Moved to Subpage
com.activitymanager,5_4_7,5_4_13,2,Locator Invalidity
com.activitymanager,5_4_7,5_4_15,3,Widget Occlusion
com.activitymanager,4_1_4,5_4_10,2,Locator Invalidity
com.activitymanager,4_1_3,5_4_3,3,Moved to Subpage
com.activitymanager,5_4_0,5_4_14,2,Moved to Subpage
com.activitymanager,5_4_4,5_4_15,3,Widget Occlusion
com.activitymanager,5_4_0,5_4_14,1,Locator Invalidity
com.activitymanager,5_4_8,5_4_15,3,Locator Invalidity
com.activitymanager,5_3_5,5_4_7,3,Moved to Subpage
com.activitymanager,4_0_0,5_2_1,1,Moved to Subpage
com.activitymanager,4_1_3,5_4_6,3,Locator Invalidity
com.activitymanager,5_4_7,5_4_12,3,Moved to Another Page
com.activitymanager,5_1_0,5_4_3,3,Widget Occlusion
com.activitymanager,5_3_4,5_4_12,3,Moved to Subpage
com.activitymanager,5_2_1,5_4_13,2,Moved to Subpage
com.activitymanager,5_4_12,5_4_15,1,Locator Invalidity
com.activitymanager,4_2_0,5_4_13,1,Moved to Another Page
com.activitymanager,5_3_4,5_4_14,2,Moved to Another Page
com.activitymanager,5_3_2,5_4_13,2,Moved to Another Page
com.activitymanager,4_2_0,5_4_4,1,Moved to Another Page
com.activitymanager,5_1_1,5_3_5,2,Widget Occlusion
com.activitymanager,4_1_4,5_4_5,2,Moved to Subpage
com.activitymanager,5_4_11,5_4_14,2,Widget Occlusion
com.activitymanager,4_1_3,5_4_13,1,Widget Occlusion
com.activitymanager,5_1_1,5_4_13,1,Moved to Another Page
com.activitymanager,5_0_0,5_4_10,2,Widget Occlusion
com.activitymanager,4_1_4,5_4_15,2,Widget Occlusion
com.activitymanager,4_1_3,5_0_0,2,Locator Invalidity
com.activitymanager,4_1_4,5_4_15,1,Locator Invalidity
com.activitymanager,5_3_1,5_4_14,3,Widget Occlusion
com.activitymanager,5_4_10,5_4_14,1,Locator Invalidity
com.activitymanager,5_3_3,5_4_14,1,Moved to Another Page
com.activitymanager,5_4_13,5_4_15,3,Locator Invalidity
com.activitymanager,5_4_1,5_4_14,3,Widget Occlusion
com.activitymanager,5_4_8,5_4_14,2,Widget Occlusion
com.activitymanager,5_1_1,5_4_12,3,Moved to Another Page
com.activitymanager,5_3_2,5_4_5,3,Locator Invalidity
com.activitymanager,5_4_11,5_4_14,3,Locator Invalidity
com.activitymanager,5_0_0,5_4_14,2,Widget Occlusion
com.activitymanager,5_3_2,5_4_15,1,Widget Occlusion
com.activitymanager,5_4_10,5_4_15,2,Widget Occlusion
com.activitymanager,5_4_0,5_4_14,3,Widget Occlusion
com.activitymanager,5_3_0,5_4_4,3,Locator Invalidity
com.activitymanager,5_3_4,5_4_14,3,Widget Occlusion
com.activitymanager,5_3_3,5_4_6,1,Widget Occlusion
com.amaze.filemanager,v3_6_2,v3_8_2,2,Widget Occlusion
com.amaze.filemanager,v3_5_0_app-play-release-v2,v3_6_6,3,Widget Occlusion
com.amaze.filemanager,v3_6_2,v3_6_6,3,Widget Occlusion
com.amaze.filemanager,v3_7_1,v3_10,2,Widget Occlusion
com.amaze.filemanager,v3_7_1,v3_10,1,Widget Occlusion
com.amaze.filemanager,v3_6_0,v3_10,2,Widget Occlusion
com.amaze.filemanager,v3_6_4,v3_7_1,3,Widget Occlusion
com.amaze.filemanager,v3_6_1,v3_6_5,1,Widget Occlusion
com.amaze.filemanager,v3_5_2,v3_6_4,1,Widget Occlusion
com.amaze.filemanager,v3_6_3,v3_8,2,Widget Occlusion
com.amaze.filemanager,v3_5_2,v3_8,2,Widget Occlusion
com.amaze.filemanager,v3_6_0,v3_7_0,1,Widget Occlusion
com.amaze.filemanager,v3_6_3,v3_10,1,Widget Occlusion
com.amaze.filemanager,v3_8_1,v3_10,2,Widget Occlusion
com.amaze.filemanager,v3_6_7,v3_10,3,Widget Occlusion
com.amaze.filemanager,v3_5_0_app-play-release-v2,v3_7_0,2,Widget Occlusion
com.amaze.filemanager,v3_6_6,v3_10,2,Widget Occlusion
com.amaze.filemanager,v3_6_7,v3_10,1,Widget Occlusion
com.amaze.filemanager,v3_6_4,v3_10,3,Widget Occlusion
com.amaze.filemanager,v3_6_1,v3_10,2,Widget Occlusion
com.amaze.filemanager,v3_7_2,v3_10,3,Widget Occlusion
com.amaze.filemanager,v3_7_0,v3_10,3,Widget Occlusion
com.amaze.filemanager,v3_5_2,v3_6_1,2,Widget Occlusion
com.amaze.filemanager,v3_8_2,v3_10,1,Widget Occlusion
com.amaze.filemanager,v3_6_7,v3_10,2,Widget Occlusion
com.amaze.filemanager,v3_8_4,v3_10,2,Widget Occlusion
com.amaze.filemanager,v3_6_3,v3_10,2,Widget Occlusion
com.amaze.filemanager,v3_6_2,v3_8_4,1,Locator Invalidity
xyz.zedler.patrick.tack,v4_6_0,v4_7_2,2,Locator Invalidity
xyz.zedler.patrick.tack,v4_0_0,v4_4_2,1,Widget Occlusion
xyz.zedler.patrick.tack,v4_6_0,v4_8_1,1,Locator Invalidity
xyz.zedler.patrick.tack,v4_4_4,v4_8_0,3,Locator Invalidity
xyz.zedler.patrick.tack,v4_0_0,v4_7_1,1,Locator Invalidity
xyz.zedler.patrick.tack,v4_1_0,v4_4_3,3,Widget Occlusion
xyz.zedler.patrick.tack,v4_7_1,v4_7_2,3,Widget Occlusion
xyz.zedler.patrick.tack,v4_5_0,v4_7_2,2,Locator Invalidity
xyz.zedler.patrick.tack,v4_5_0,v4_7_1,1,Locator Invalidity
xyz.zedler.patrick.tack,v4_0_0,v4_4_0,3,Widget Occlusion
xyz.zedler.patrick.tack,v4_5_0,v4_7_0,3,Locator Invalidity
xyz.zedler.patrick.tack,v4_4_3,v4_7_0,2,Locator Invalidity
xyz.zedler.patrick.tack,v4_0_0,v4_2_1,2,Widget Occlusion
xyz.zedler.patrick.tack,v4_0_1,v4_2_1,2,Widget Occlusion
xyz.zedler.patrick.tack,v4_4_0,v4_7_2,1,Widget Occlusion
xyz.zedler.patrick.tack,v4_0_1,v4_5_0,3,Widget Occlusion
xyz.zedler.patrick.tack,v4_1_0,v4_4_2,2,Widget Occlusion
xyz.zedler.patrick.tack,v4_4_1,v4_8_1,2,Widget Occlusion
xyz.zedler.patrick.tack,v4_0_1,v4_3_0,1,Widget Occlusion
xyz.zedler.patrick.tack,v4_0_1,v4_7_2,3,Widget Occlusion
xyz.zedler.patrick.tack,v4_4_0,v4_8_1,2,Locator Invalidity
xyz.zedler.patrick.tack,v4_0_1,v4_2_0,1,Widget Occlusion
xyz.zedler.patrick.tack,v4_1_0,v4_3_0,1,Widget Occlusion
xyz.zedler.patrick.tack,v4_1_0,v4_7_2,2,Widget Occlusion
xyz.zedler.patrick.tack,v4_4_0,v4_4_4,1,Locator Invalidity
xyz.zedler.patrick.tack,v4_4_4,v4_8_0,2,Locator Invalidity
xyz.zedler.patrick.tack,v4_2_0,v4_2_1,2,Widget Occlusion
xyz.zedler.patrick.tack,v4_0_0,v4_4_1,2,Widget Occlusion
xyz.zedler.patrick.tack,v4_4_2,v4_8_1,3,Locator Invalidity
xyz.zedler.patrick.tack,v4_0_1,v4_4_1,2,Widget Occlusion
xyz.zedler.patrick.tack,v4_0_0,v4_2_1,3,Widget Occlusion
xyz.zedler.patrick.tack,v4_1_0,v4_2_0,3,Widget Occlusion
xyz.zedler.patrick.tack,v4_3_0,v4_7_0,2,Locator Invalidity
xyz.zedler.patrick.tack,v4_5_0,v4_6_0,2,Widget Occlusion
xyz.zedler.patrick.tack,v4_4_2,v4_6_0,3,Widget Occlusion
xyz.zedler.patrick.tack,v4_0_0,v4_2_1,1,Widget Occlusion
xyz.zedler.patrick.tack,v4_1_0,v4_2_1,2,Widget Occlusion
xyz.zedler.patrick.tack,v4_4_4,v4_6_0,2,Widget Occlusion
xyz.zedler.patrick.tack,v4_3_0,v4_6_0,2,Widget Occlusion
xyz.zedler.patrick.tack,v4_1_0,v4_4_3,1,Locator Invalidity
xyz.zedler.patrick.tack,v4_4_0,v4_7_2,3,Widget Occlusion
xyz.zedler.patrick.tack,v4_6_0,v4_8_0,3,Locator Invalidity
xyz.zedler.patrick.tack,v4_1_0,v4_2_0,1,Widget Occlusion
xyz.zedler.patrick.tack,v4_0_1,v4_2_1,3,Widget Occlusion
com.jlindemann.science,2_2_1_Build_79,2_5_1_Build_91_v2_5_1-build90,2,Widget Occlusion
com.jlindemann.science,2_0_0_Build_60,2_5_1_Build_91_v2_5_1-build90,2,Widget Occlusion
com.jlindemann.science,2_0_0_Build_60,3_0_0_Build_111_atomic-v3_0_0-build111,1,Moved to Another Page
com.jlindemann.science,1_4_1_Build_56,2_2_2_Build_81,2,Moved to Another Page
com.jlindemann.science,2_5_1_Build_91_v2_5_1-build90,3_0_0_Build_111_atomic-v3_0_0-build111,1,Moved to Another Page
com.jlindemann.science,2_2_2_Build_81,3_0_0_Build_111_atomic-v3_0_0-build111,1,Moved to Another Page
com.jlindemann.science,1_4_1_Build_56,2_6_2_Build_97_v2_6_2-build97,1,Locator Invalidity
com.jlindemann.science,1_4_1_Build_56,3_0_0_Build_111_atomic-v3_0_0-build111,1,Locator Invalidity
com.jlindemann.science,2_2_2_Build_81,2_6_2_Build_97_v2_6_2-build97,3,Widget Occlusion
com.jlindemann.science,2_5_1_Build_91_v2_5_1-build90,3_0_0_Build_111_atomic-v3_0_0-build111,2,Moved to Another Page
com.jlindemann.science,2_2_1_Build_79,3_0_0_Build_111_atomic-v3_0_0-build111,3,Moved to Another Page
com.jlindemann.science,2_0_0_Build_60,3_0_0_Build_111_atomic-v3_0_0-build111,3,Locator Invalidity
com.quran.labs.androidquran,Quran_3_0_4,Quran_3_3_2,3,Locator Invalidity
com.quran.labs.androidquran,Quran_3_0_3_quran-3_0_3,Naskh_1_2_4,3,Locator Invalidity
com.quran.labs.androidquran,Quran_3_0_4,Quran_3_4_1_quran-3_4_1,2,Locator Invalidity
com.quran.labs.androidquran,Quran_3_0_7_quran-3_0_7,Quran_3_3_2,1,Locator Invalidity
com.quran.labs.androidquran,Quran_3_3_1,Quran_3_5_0_quran-3_5_0,3,Locator Invalidity
com.quran.labs.androidquran,Quran_3_2_0,Quran_3_0_8_madani-3_0_8,2,Locator Invalidity
com.quran.labs.androidquran,Quran_3_3_0,Quran_3_0_8_madani-3_0_8,1,Locator Invalidity
com.quran.labs.androidquran,Quran_v3_0_2_quran-3_0_2,Naskh_1_2_4,3,Locator Invalidity
de.markusfisch.android.libra,Version_1_12_4,Version_1_13_1,3,Locator Invalidity
de.markusfisch.android.libra,Version_1_12_5,Version_1_13_1,2,Moved to Another Page
de.markusfisch.android.libra,Version_1_12_2,Version_1_13_1,1,Moved to Another Page
de.markusfisch.android.libra,Version_1_13_0,Version_1_13_1,2,Moved to Another Page
de.markusfisch.android.libra,Version_1_12_4,Version_1_13_1,1,Moved to Subpage
free.rm.skytube.oss,Version_2_977_SkyTube-Oss-2_977,Version_2_986_SkyTube-Oss-2_986,3,Locator Invalidity
free.rm.skytube.oss,Version_2_975_SkyTube-Oss-2_975,Version_2_991_SkyTube-Oss-2_991,2,Locator Invalidity
free.rm.skytube.oss,Version_2_979_SkyTube-Oss-2_979,Version_2_983,2,Widget Occlusion
free.rm.skytube.oss,Version_2_975_SkyTube-Oss-2_975,Version_2_983,2,Widget Occlusion
me.hackerchick.catima,1_6_1,2_11_1,1,Locator Invalidity
me.hackerchick.catima,2_17_1,2_33_0,2,Widget Occlusion
me.hackerchick.catima,2_6_1,2_21_2,1,Locator Invalidity
me.hackerchick.catima,2_12_0,2_26_0,1,Locator Invalidity
me.hackerchick.catima,2_15_2,2_33_0,3,Widget Occlusion
me.hackerchick.catima,1_6_1,2_35_0,1,Moved to Subpage
me.hackerchick.catima,2_21_0,2_34_2,2,Moved to Subpage
me.hackerchick.catima,0_29,2_0_4,1,Moved to Another Page
me.hackerchick.catima,2_11_1,2_19_0,1,Locator Invalidity
me.hackerchick.catima,2_22_1,2_31_0,3,Moved to Subpage
me.hackerchick.catima,0_29,2_31_1,3,Moved to Subpage
me.hackerchick.catima,2_24_2,2_39_0,1,Moved to Subpage
me.hackerchick.catima,2_18_2,2_31_0,3,Moved to Subpage
me.hackerchick.catima,2_23_2,2_34_5,2,Widget Occlusion
me.hackerchick.catima,2_21_1,2_31_1,3,Moved to Subpage
me.hackerchick.catima,2_21_2,2_39_0,1,Moved to Subpage
me.hackerchick.catima,2_12_0,2_34_2,3,Moved to Subpage
me.hackerchick.catima,2_4_0,2_30_0,3,Moved to Subpage
me.hackerchick.catima,2_22_0,2_30_0,1,Moved to Subpage
me.hackerchick.catima,2_16_3,2_34_4,1,Moved to Subpage
me.hackerchick.catima,2_11_1,2_27_0,2,Moved to Subpage
me.hackerchick.catima,1_9_2,2_21_0,2,Moved to Another Page
me.hackerchick.catima,2_6_1,2_30_0,1,Widget Occlusion
me.hackerchick.catima,2_8_1,2_35_1,2,Moved to Subpage
me.hackerchick.catima,1_6_1,2_25_3,2,Moved to Subpage
me.hackerchick.catima,1_4_0,2_18_2,3,Moved to Subpage
me.hackerchick.catima,2_23_2,2_29_1,3,Moved to Subpage
me.hackerchick.catima,1_9_2,2_4_0,2,Locator Invalidity
me.hackerchick.catima,2_22_0,2_26_0,1,Widget Occlusion
me.hackerchick.catima,1_4_0,2_25_3,2,Locator Invalidity
me.hackerchick.catima,2_21_2,2_24_2,1,Widget Occlusion
me.hackerchick.catima,2_16_3,2_30_0,2,Moved to Subpage
me.hackerchick.catima,2_0_4,2_37_0,2,Moved to Subpage
me.hackerchick.catima,2_14_1,2_30_0,2,Moved to Subpage
me.hackerchick.catima,2_16_2,2_35_1,2,Moved to Subpage
me.hackerchick.catima,1_4_0,2_0_4,3,Locator Invalidity
me.hackerchick.catima,1_13,2_23_2,3,Moved to Subpage
me.hackerchick.catima,2_15_2,2_29_0,2,Moved to Subpage
me.hackerchick.catima,2_22_1,2_34_2,2,Moved to Subpage
me.hackerchick.catima,2_21_1,2_34_5,1,Moved to Subpage
me.hackerchick.catima,1_6_1,2_14_1,3,Moved to Subpage
me.hackerchick.catima,2_22_0,2_29_1,3,Widget Occlusion
me.hackerchick.catima,2_25_3,2_27_0,2,Moved to Subpage
me.hackerchick.catima,1_4_0,1_9_2,1,Locator Invalidity
me.hackerchick.catima,2_21_0,2_35_0,1,Moved to Subpage
me.hackerchick.catima,1_14_1,2_22_0,2,Moved to Another Page
me.hackerchick.catima,2_19_0,2_34_2,3,Moved to Subpage
me.hackerchick.catima,2_4_0,2_12_0,1,Moved to Subpage
me.hackerchick.catima,2_21_0,2_34_4,3,Moved to Subpage
me.hackerchick.catima,2_20_0,2_34_5,3,Moved to Subpage
me.hackerchick.catima,2_26_0,2_34_5,3,Moved to Subpage
me.hackerchick.catima,0_29,1_12,2,Widget Occlusion
me.hackerchick.catima,2_4_0,2_6_1,3,Locator Invalidity
me.hackerchick.catima,1_4_0,2_6_1,1,Moved to Subpage
me.hackerchick.catima,2_16_2,2_39_0,3,Widget Occlusion
me.hackerchick.catima,2_18_2,2_35_1,1,Moved to Subpage
me.hackerchick.catima,2_19_0,2_29_1,2,Moved to Subpage
me.hackerchick.catima,1_14_1,2_30_0,1,Moved to Subpage
me.hackerchick.catima,2_20_0,2_33_0,1,Moved to Subpage
me.hackerchick.catima,2_0_4,2_20_0,3,Moved to Subpage
me.hackerchick.catima,2_21_2,2_29_0,2,Moved to Subpage
me.hackerchick.catima,2_27_0,2_37_0,3,Widget Occlusion
me.hackerchick.catima,2_4_0,2_14_1,2,Locator Invalidity
me.hackerchick.catima,1_14_1,2_12_0,1,Locator Invalidity
me.hackerchick.catima,1_13,2_15_2,1,Moved to Subpage
me.hackerchick.catima,1_8,2_11_1,1,Locator Invalidity
me.hackerchick.catima,1_9_2,1_14_1,1,Locator Invalidity
me.hackerchick.catima,2_25_3,2_37_0,3,Moved to Subpage
me.hackerchick.catima,2_17_1,2_34_2,1,Moved to Subpage
me.hackerchick.catima,2_25_2,2_33_0,2,Moved to Subpage
me.hackerchick.catima,2_25_3,2_26_0,2,Locator Invalidity
me.hackerchick.catima,2_16_3,2_27_0,3,Moved to Subpage
me.hackerchick.catima,2_14_1,2_25_3,2,Widget Occlusion
me.hackerchick.catima,2_19_0,2_31_1,1,Moved to Subpage
me.hackerchick.catima,2_26_0,2_31_1,2,Moved to Subpage
me.hackerchick.catima,1_13,2_14_1,2,Locator Invalidity
me.hackerchick.catima,2_24_2,2_28_0,3,Moved to Subpage
me.hackerchick.catima,2_11_1,2_12_0,2,Locator Invalidity
me.hackerchick.catima,2_16_2,2_39_0,1,Moved to Subpage
me.hackerchick.catima,1_6_1,2_4_0,1,Locator Invalidity
me.hackerchick.catima,2_6_1,2_11_1,2,Moved to Subpage
me.hackerchick.catima,2_25_3,2_29_1,1,Locator Invalidity
me.hackerchick.catima,1_8,2_6_1,2,Moved to Another Page
me.hackerchick.catima,2_0_4,2_6_1,1,Moved to Another Page
me.hackerchick.catima,1_9_2,2_4_0,1,Locator Invalidity
me.hackerchick.catima,2_21_1,2_37_0,2,Moved to Subpage
me.hackerchick.catima,1_6_1,1_13,1,Moved to Subpage
me.hackerchick.catima,1_6_1,1_9_2,1,Moved to Subpage
me.hackerchick.catima,2_6_1,2_11_1,1,Locator Invalidity
me.hackerchick.catima,1_14_1,2_8_1,3,Moved to Another Page
me.hackerchick.catima,2_21_1,2_25_3,2,Widget Occlusion
me.hackerchick.catima,2_4_0,2_11_1,2,Locator Invalidity
me.hackerchick.catima,2_18_2,2_30_0,2,Widget Occlusion
me.hackerchick.catima,1_13,1_14_1,2,Locator Invalidity
me.hackerchick.catima,1_9_2,2_11_1,1,Moved to Subpage
me.hackerchick.catima,2_8_1,2_14_1,3,Locator Invalidity
me.hackerchick.catima,1_6_1,1_9_2,3,Locator Invalidity
me.hackerchick.catima,1_13,2_0_4,1,Locator Invalidity
me.hackerchick.catima,1_8,2_8_1,3,Moved to Another Page
me.hackerchick.catima,2_12_0,2_14_1,2,Locator Invalidity
me.hackerchick.catima,2_6_1,2_14_1,3,Locator Invalidity
me.hackerchick.catima,1_14_1,2_0_4,3,Locator Invalidity
me.hackerchick.catima,1_4_0,1_6_1,1,Locator Invalidity
me.hackerchick.catima,1_9_2,2_6_1,3,Locator Invalidity
me.hackerchick.catima,2_8_1,2_11_1,3,Moved to Subpage
me.hackerchick.catima,1_8,1_9_2,1,Moved to Another Page
org.isoron.uhabits,v1_8_10_loop-1_8_10-release,v2_0_2_loop-2_0_2-release,2,Moved to Another Page
org.isoron.uhabits,v1_8_9_loop-1_8_9-release,v2_1_3_loop-2_1_3-release,3,Moved to Another Page
org.isoron.uhabits,v1_8_12_loop-1_8_12-release,v2_3_0_loop-2_3_0-release,1,Moved to Another Page
org.isoron.uhabits,v2_0_3_loop-2_0_3-release,v2_1_1_loop-2_1_1-release,3,Widget Occlusion
org.isoron.uhabits,v1_8_10_loop-1_8_10-release,v2_0_3_loop-2_0_3-release,1,Moved to Another Page
org.isoron.uhabits,v1_8_9_loop-1_8_9-release,v2_2_0_loop-2_2_0-release,2,Moved to Another Page
org.isoron.uhabits,v1_8_12_loop-1_8_12-release,v2_0_2_loop-2_0_2-release,2,Moved to Another Page
org.isoron.uhabits,v1_8_12_loop-1_8_12-release,v2_3_0_loop-2_3_0-release,3,Moved to Another Page
org.isoron.uhabits,v1_8_9_loop-1_8_9-release,v2_1_3_loop-2_1_3-release,1,Moved to Another Page
org.isoron.uhabits,v2_0_2_loop-2_0_2-release,v2_2_0_loop-2_2_0-release,2,Locator Invalidity
org.isoron.uhabits,v1_8_11,v2_1_1_loop-2_1_1-release,3,Moved to Another Page
org.isoron.uhabits,v1_8_10_loop-1_8_10-release,v2_1_3_loop-2_1_3-release,3,Moved to Another Page
org.isoron.uhabits,v1_8_11,v2_0_1_loop-2_0_1-release,1,Moved to Another Page
org.isoron.uhabits,v2_0_1_loop-2_0_1-release,v2_1_3_loop-2_1_3-release,3,Locator Invalidity
org.gateshipone.odyssey,release-38,release-39__1_3_0,2,Widget Occlusion
org.gateshipone.odyssey,release-37,release-41__1_3_2,1,Locator Invalidity
org.gateshipone.odyssey,release-33,release-40__1_3_1,2,Locator Invalidity
org.gateshipone.odyssey,release-36,release-39__1_3_0,1,Moved to Subpage
org.gateshipone.odyssey,release-34,release-41__1_3_2,3,Locator Invalidity
org.gateshipone.odyssey,release-37,release-41__1_3_2,2,Widget Occlusion
org.gateshipone.odyssey,release-35,release-37,1,Locator Invalidity
org.gateshipone.odyssey,release-35,release-41__1_3_2,2,Locator Invalidity
org.gateshipone.odyssey,release-35,release-40__1_3_1,3,Widget Occlusion
org.gateshipone.odyssey,release-37,release-39__1_3_0,3,Locator Invalidity
org.gateshipone.odyssey,release-36,release-41__1_3_2,2,Locator Invalidity
org.gateshipone.odyssey,release-33,release-40__1_3_1,3,Widget Occlusion
org.gateshipone.odyssey,release-34,release-37,1,Locator Invalidity
com.kgurgul.cpuinfo,5_0_1,_Android__6_1_0,2,Moved to Another Page
com.kgurgul.cpuinfo,4_8_0,_Android__6_1_0,1,Locator Invalidity
com.kgurgul.cpuinfo,4_5_0,5_3_0,3,Locator Invalidity
com.kgurgul.cpuinfo,4_7_0,5_3_0,2,Locator Invalidity
com.kgurgul.cpuinfo,5_1_0,_Android__6_1_1,3,Moved to Another Page
com.kgurgul.cpuinfo,5_3_0,_Android__6_0_0,1,Moved to Another Page
com.kgurgul.cpuinfo,_Android__6_0_0,_Android__6_1_0,1,Locator Invalidity
com.kgurgul.cpuinfo,5_0_0,_Android__6_3_0,1,Moved to Another Page
com.kgurgul.cpuinfo,5_3_0,_Android__6_3_0,1,Moved to Another Page
com.kgurgul.cpuinfo,_Android__6_1_1,_Android__6_3_0,3,Moved to Subpage
com.kgurgul.cpuinfo,_Android__6_0_0,_Android__6_2_0,3,Moved to Another Page
com.kgurgul.cpuinfo,_Android__6_1_0,_Android__6_3_0,3,Moved to Subpage
com.kgurgul.cpuinfo,5_2_0,5_4_0,1,Moved to Another Page
com.kgurgul.cpuinfo,5_3_0,5_4_0,3,Moved to Another Page
it.feio.android.omninotes,6_2_3,6_2_5,2,Locator Invalidity
it.feio.android.omninotes,4_7_2,6_2_3,2,Locator Invalidity
it.feio.android.omninotes,6_2_3,6_2_7,3,Widget Occlusion
it.feio.android.omninotes,6_1_0,6_2_8,1,Widget Occlusion
it.feio.android.omninotes,6_1_0,6_2_5,3,Widget Occlusion
it.feio.android.omninotes,6_2_4,6_2_5,1,Locator Invalidity
it.feio.android.omninotes,6_1_0,6_3_0,3,Locator Invalidity
it.feio.android.omninotes,6_2_3,6_3_0,1,Widget Occlusion
it.feio.android.omninotes,6_2_4,6_3_0,1,Widget Occlusion
universe.constellation.orion.viewer,0_90_1_orion-viewer-0_90_1-x86-release,0_95_0_orion-viewer-0_95_0-x86-release,1,Moved to Another Page
universe.constellation.orion.viewer,0_82_4_orion-viewer-0_82_4-x86-release,0_95_6_orion-viewer-0_95_6-x86-release,2,Moved to Another Page
universe.constellation.orion.viewer,0_82_4_orion-viewer-0_82_4-x86-release,0_95_8_orion-viewer-0_95_8-x86-release,1,Moved to Another Page
universe.constellation.orion.viewer,0_94_3_orion-viewer-0_94_3-x86-release,0_95_3_orion-viewer-0_95_3-x86-release,3,Locator Invalidity
universe.constellation.orion.viewer,0_92_0_orion-viewer-0_92_0-x86-release,0_93_3_orion-viewer-0_93_3-x86-release,3,Locator Invalidity
universe.constellation.orion.viewer,0_82_3_orion-viewer-0_82_3-x86-release,0_90_1_orion-viewer-0_90_1-x86-release,3,Locator Invalidity
com.atul.musicplayer,v0_7,v0_14,2,Moved to Another Page
com.atul.musicplayer,v0_3_mplite,v0_10,1,Locator Invalidity
com.atul.musicplayer,v0_4,v0_15,2,Moved to Another Page
com.atul.musicplayer,v0_6,v0_14,1,Locator Invalidity
com.atul.musicplayer,v0_12,v0_15,2,Moved to Another Page
com.atul.musicplayer,v0_7,v0_14,3,Moved to Another Page
com.atul.musicplayer,v0_11,v0_14,3,Moved to Another Page
com.atul.musicplayer,v0_6,v0_11,1,Moved to Another Page
com.atul.musicplayer,v0_8,v0_13,1,Moved to Another Page
org.zephyrsoft.trackworktime,v1_1_1_TrackWorkTime_1_1_1_2021-02-02-11-02-10_release-signed,v1_1_15_TrackWorkTime_1_1_15_2022-05-29-07-13-07_release-signed,2,Moved to Another Page
org.zephyrsoft.trackworktime,v1_1_10_TrackWorkTime_1_1_10_2021-11-26-18-18-34_release-signed,v1_1_18_TrackWorkTime_1_1_18_2022-09-29-19-00-28_release-signed,2,Moved to Another Page
org.zephyrsoft.trackworktime,v1_1_15_TrackWorkTime_1_1_15_2022-05-29-07-13-07_release-signed,v1_1_24_TrackWorkTime_1_1_24_2024-07-12-22-18-01_release-signed,1,Moved to Another Page
org.zephyrsoft.trackworktime,v1_1_23_TrackWorkTime_1_1_23_2024-01-04-20-49-29_release-signed,v1_1_24_TrackWorkTime_1_1_24_2024-07-12-22-18-01_release-signed,1,Moved to Another Page
org.zephyrsoft.trackworktime,v1_1_14_TrackWorkTime_1_1_14_2022-04-29-18-12-09_release-signed,v1_1_20_TrackWorkTime_1_1_20_2022-10-15-22-12-35_release-signed,1,Moved to Another Page
org.zephyrsoft.trackworktime,v1_1_11_TrackWorkTime_1_1_11_2021-11-29-17-52-58_release-signed,v1_1_15_TrackWorkTime_1_1_15_2022-05-29-07-13-07_release-signed,2,Moved to Another Page
org.zephyrsoft.trackworktime,v1_1_8_TrackWorkTime_1_1_8_2021-03-18-17-46-29_release-signed,v1_1_17_TrackWorkTime_1_1_17_2022-09-17-19-43-12_release-signed,3,Moved to Another Page
org.zephyrsoft.trackworktime,v1_1_6_TrackWorkTime_1_1_6_2021-03-04-23-41-23_release-signed,v1_1_23_TrackWorkTime_1_1_23_2024-01-04-20-49-29_release-signed,1,Moved to Another Page
org.zephyrsoft.trackworktime,v1_1_14_TrackWorkTime_1_1_14_2022-04-29-18-12-09_release-signed,v1_1_23_TrackWorkTime_1_1_23_2024-01-04-20-49-29_release-signed,2,Moved to Another Page
org.zephyrsoft.trackworktime,v1_1_5_TrackWorkTime_1_1_5_2021-03-02-00-07-29_release-signed,v1_1_23_TrackWorkTime_1_1_23_2024-01-04-20-49-29_release-signed,2,Moved to Another Page
org.zephyrsoft.trackworktime,v1_1_12_TrackWorkTime_1_1_12_2022-01-11-17-47-23_release-signed,v1_1_16_TrackWorkTime_1_1_16_2022-09-11-15-47-37_release-signed,2,Moved to Another Page
org.zephyrsoft.trackworktime,v1_1_0_TrackWorkTime_1_1_0_2021-01-30-19-54-57_release-signed,v1_1_5_TrackWorkTime_1_1_5_2021-03-02-00-07-29_release-signed,1,Locator Invalidity
org.zephyrsoft.trackworktime,v1_1_16_TrackWorkTime_1_1_16_2022-09-11-15-47-37_release-signed,v1_1_24_TrackWorkTime_1_1_24_2024-07-12-22-18-01_release-signed,2,Moved to Another Page
org.zephyrsoft.trackworktime,v1_1_9_TrackWorkTime_1_1_9_2021-03-25-09-31-17_release-signed,v1_1_14_TrackWorkTime_1_1_14_2022-04-29-18-12-09_release-signed,3,Moved to Another Page
org.zephyrsoft.trackworktime,v1_1_15_TrackWorkTime_1_1_15_2022-05-29-07-13-07_release-signed,v1_1_23_TrackWorkTime_1_1_23_2024-01-04-20-49-29_release-signed,3,Moved to Another Page
org.zephyrsoft.trackworktime,v1_1_2_TrackWorkTime_1_1_2_2021-02-13-20-18-51_release-signed,v1_1_25_TrackWorkTime_1_1_25_2024-08-16-08-37-59_release-signed,3,Moved to Another Page
org.zephyrsoft.trackworktime,v1_1_0_TrackWorkTime_1_1_0_2021-01-30-19-54-57_release-signed,v1_1_9_TrackWorkTime_1_1_9_2021-03-25-09-31-17_release-signed,1,Locator Invalidity
org.zephyrsoft.trackworktime,v1_1_2_TrackWorkTime_1_1_2_2021-02-13-20-18-51_release-signed,v1_1_23_TrackWorkTime_1_1_23_2024-01-04-20-49-29_release-signed,1,Moved to Another Page
org.zephyrsoft.trackworktime,v1_1_3_TrackWorkTime_1_1_3_2021-02-18-22-02-58_release-signed,v1_1_16_TrackWorkTime_1_1_16_2022-09-11-15-47-37_release-signed,3,Moved to Another Page
org.zephyrsoft.trackworktime,v1_1_13_TrackWorkTime_1_1_13_2022-04-04-18-43-36_release-signed,v1_1_18_TrackWorkTime_1_1_18_2022-09-29-19-00-28_release-signed,3,Moved to Another Page
org.zephyrsoft.trackworktime,v1_1_3_TrackWorkTime_1_1_3_2021-02-18-22-02-58_release-signed,v1_1_23_TrackWorkTime_1_1_23_2024-01-04-20-49-29_release-signed,1,Moved to Another Page
org.zephyrsoft.trackworktime,v1_1_24_TrackWorkTime_1_1_24_2024-07-12-22-18-01_release-signed,v1_1_25_TrackWorkTime_1_1_25_2024-08-16-08-37-59_release-signed,1,Moved to Another Page
org.zephyrsoft.trackworktime,v1_1_13_TrackWorkTime_1_1_13_2022-04-04-18-43-36_release-signed,v1_1_20_TrackWorkTime_1_1_20_2022-10-15-22-12-35_release-signed,1,Moved to Another Page
org.zephyrsoft.trackworktime,v1_1_10_TrackWorkTime_1_1_10_2021-11-26-18-18-34_release-signed,v1_1_11_TrackWorkTime_1_1_11_2021-11-29-17-52-58_release-signed,3,Moved to Another Page
org.zephyrsoft.trackworktime,v1_1_20_TrackWorkTime_1_1_20_2022-10-15-22-12-35_release-signed,v1_1_25_TrackWorkTime_1_1_25_2024-08-16-08-37-59_release-signed,3,Moved to Another Page
org.zephyrsoft.trackworktime,v1_1_15_TrackWorkTime_1_1_15_2022-05-29-07-13-07_release-signed,v1_1_22_TrackWorkTime_1_1_22_2023-12-09-18-51-06_release-signed,2,Moved to Another Page
org.zephyrsoft.trackworktime,v1_1_12_TrackWorkTime_1_1_12_2022-01-11-17-47-23_release-signed,v1_1_20_TrackWorkTime_1_1_20_2022-10-15-22-12-35_release-signed,1,Moved to Another Page
org.zephyrsoft.trackworktime,v1_1_7_TrackWorkTime_1_1_7_2021-03-06-08-44-45_release-signed,v1_1_21_TrackWorkTime_1_1_21_2023-08-20-19-04-29_release-signed,3,Moved to Another Page
org.zephyrsoft.trackworktime,v1_1_4_TrackWorkTime_1_1_4_2021-02-28-15-31-16_release-signed,v1_1_9_TrackWorkTime_1_1_9_2021-03-25-09-31-17_release-signed,3,Moved to Another Page
org.zephyrsoft.trackworktime,v1_1_12_TrackWorkTime_1_1_12_2022-01-11-17-47-23_release-signed,v1_1_17_TrackWorkTime_1_1_17_2022-09-17-19-43-12_release-signed,3,Moved to Another Page
org.zephyrsoft.trackworktime,v1_1_23_TrackWorkTime_1_1_23_2024-01-04-20-49-29_release-signed,v1_1_24_TrackWorkTime_1_1_24_2024-07-12-22-18-01_release-signed,2,Moved to Another Page
org.zephyrsoft.trackworktime,v1_1_8_TrackWorkTime_1_1_8_2021-03-18-17-46-29_release-signed,v1_1_22_TrackWorkTime_1_1_22_2023-12-09-18-51-06_release-signed,2,Moved to Another Page
org.zephyrsoft.trackworktime,v1_1_13_TrackWorkTime_1_1_13_2022-04-04-18-43-36_release-signed,v1_1_22_TrackWorkTime_1_1_22_2023-12-09-18-51-06_release-signed,2,Moved to Another Page
org.zephyrsoft.trackworktime,v1_1_11_TrackWorkTime_1_1_11_2021-11-29-17-52-58_release-signed,v1_1_19_TrackWorkTime_1_1_19_2022-10-04-14-09-24_release-signed,3,Moved to Another Page
org.zephyrsoft.trackworktime,v1_1_5_TrackWorkTime_1_1_5_2021-03-02-00-07-29_release-signed,v1_1_24_TrackWorkTime_1_1_24_2024-07-12-22-18-01_release-signed,1,Moved to Another Page
org.zephyrsoft.trackworktime,v1_1_16_TrackWorkTime_1_1_16_2022-09-11-15-47-37_release-signed,v1_1_18_TrackWorkTime_1_1_18_2022-09-29-19-00-28_release-signed,3,Moved to Another Page
org.zephyrsoft.trackworktime,v1_1_22_TrackWorkTime_1_1_22_2023-12-09-18-51-06_release-signed,v1_1_23_TrackWorkTime_1_1_23_2024-01-04-20-49-29_release-signed,2,Moved to Another Page
org.zephyrsoft.trackworktime,v1_1_23_TrackWorkTime_1_1_23_2024-01-04-20-49-29_release-signed,v1_1_24_TrackWorkTime_1_1_24_2024-07-12-22-18-01_release-signed,3,Moved to Another Page
org.zephyrsoft.trackworktime,v1_1_10_TrackWorkTime_1_1_10_2021-11-26-18-18-34_release-signed,v1_1_21_TrackWorkTime_1_1_21_2023-08-20-19-04-29_release-signed,1,Moved to Another Page
org.zephyrsoft.trackworktime,v1_1_18_TrackWorkTime_1_1_18_2022-09-29-19-00-28_release-signed,v1_1_23_TrackWorkTime_1_1_23_2024-01-04-20-49-29_release-signed,2,Moved to Another Page
org.zephyrsoft.trackworktime,v1_1_17_TrackWorkTime_1_1_17_2022-09-17-19-43-12_release-signed,v1_1_19_TrackWorkTime_1_1_19_2022-10-04-14-09-24_release-signed,3,Moved to Another Page
org.zephyrsoft.trackworktime,v1_1_19_TrackWorkTime_1_1_19_2022-10-04-14-09-24_release-signed,v1_1_22_TrackWorkTime_1_1_22_2023-12-09-18-51-06_release-signed,3,Moved to Another Page
